plant_ID,ID,sire,dam,subpop,sire.pop,dam.pop,Structure_region
2619,1,1,2,1,3,3,3
579,2,1,2,1,3,3,3
810,3,1,2,1,3,3,3
2179,4,1,2,1,3,3,3
110,5,1,2,1,3,3,3
438,6,1,2,1,3,3,3
2573,7,1,2,1,3,3,3
2502,8,1,2,1,3,3,3
1539,9,1,2,1,3,3,3
1623,10,1,2,1,3,3,3
1031,11,1,2,1,3,3,3
1845,12,1,2,1,3,3,3
1753,13,1,2,1,3,3,3
414,14,1,2,1,3,3,3
1607,15,1,2,1,3,3,3
180,16,1,2,1,3,3,3
1230,17,1,2,1,3,3,3
1677,18,1,2,1,3,3,3
339,19,1,2,1,3,3,3
1200,20,1,2,1,3,3,3
2101,21,1,2,1,3,3,3
1091,22,1,2,1,3,3,3
255,23,1,2,1,3,3,3
321,24,1,2,1,3,3,3
2507,25,1,2,1,3,3,3
1156,26,1,2,1,3,3,3
2525,27,1,2,1,3,3,3
2033,28,1,2,1,3,3,3
1738,29,1,2,1,3,3,3
604,30,1,2,1,3,3,3
347,31,1,2,1,3,3,3
1991,32,1,2,1,3,3,3
686,33,1,2,1,3,3,3
860,34,1,2,1,3,3,3
24,35,3,4,2,3,3,3
1315,36,3,4,2,3,3,3
2295,37,3,4,2,3,3,3
1159,38,3,4,2,3,3,3
1728,39,3,4,2,3,3,3
1269,40,3,4,2,3,3,3
2561,41,3,4,2,3,3,3
1611,42,3,4,2,3,3,3
1523,43,3,4,2,3,3,3
753,44,3,4,2,3,3,3
263,45,3,4,2,3,3,3
2026,46,3,4,2,3,3,3
41,47,3,4,2,3,3,3
1152,48,3,4,2,3,3,3
1176,49,3,4,2,3,3,3
2010,50,3,4,2,3,3,3
1192,51,3,4,2,3,3,3
2000,52,3,4,2,3,3,3
1199,53,3,4,2,3,3,3
1036,54,3,4,2,3,3,3
2256,55,3,4,2,3,3,3
1686,56,3,4,2,3,3,3
2600,57,3,4,2,3,3,3
2054,58,3,4,2,3,3,3
654,59,3,4,2,3,3,3
1258,60,3,4,2,3,3,3
108,61,3,4,2,3,3,3
1493,62,3,4,2,3,3,3
1455,63,3,4,2,3,3,3
1280,64,3,4,2,3,3,3
2406,65,3,4,2,3,3,3
442,66,3,4,2,3,3,3
2234,67,5,6,3,2,2,2
1531,68,5,6,3,2,2,2
1532,69,5,6,3,2,2,2
1975,70,5,6,3,2,2,2
859,71,5,6,3,2,2,2
1528,72,5,6,3,2,2,2
2027,73,5,6,3,2,2,2
1344,74,5,6,3,2,2,2
1466,75,5,6,3,2,2,2
778,76,5,6,3,2,2,2
181,77,5,6,3,2,2,2
1934,78,5,6,3,2,2,2
1341,79,5,6,3,2,2,2
1456,80,5,6,3,2,2,2
2237,81,5,6,3,2,2,2
75,82,5,6,3,2,2,2
502,83,5,6,3,2,2,2
1854,84,5,6,3,2,2,2
802,85,5,6,3,2,2,2
452,86,5,6,3,2,2,2
1312,87,7,8,4,1,1,1
2319,88,7,8,4,1,1,1
876,89,7,8,4,1,1,1
2569,90,7,8,4,1,1,1
2382,91,7,8,4,1,1,1
688,92,7,8,4,1,1,1
1555,93,7,8,4,1,1,1
2222,94,7,8,4,1,1,1
1786,95,7,8,4,1,1,1
1174,96,7,8,4,1,1,1
1513,97,7,8,4,1,1,1
2558,98,7,8,4,1,1,1
1918,99,7,8,4,1,1,1
678,100,7,8,4,1,1,1
2291,101,7,8,4,1,1,1
1741,102,7,8,4,1,1,1
2283,103,7,8,4,1,1,1
741,104,7,8,4,1,1,1
1899,105,7,8,4,1,1,1
2216,106,7,8,4,1,1,1
1960,107,7,8,4,1,1,1
651,108,7,8,4,1,1,1
1413,109,7,8,4,1,1,1
952,110,7,8,4,1,1,1
772,111,7,8,4,1,1,1
995,112,7,8,4,1,1,1
1295,113,7,8,4,1,1,1
1321,114,9,10,5,2,2,2
3,115,9,10,5,2,2,2
1602,116,9,10,5,2,2,2
1261,117,9,10,5,2,2,2
2383,118,9,10,5,2,2,2
949,119,9,10,5,2,2,2
445,120,9,10,5,2,2,2
1040,121,9,10,5,2,2,2
2392,122,9,10,5,2,2,2
467,123,9,10,5,2,2,2
2478,124,9,10,5,2,2,2
2471,125,9,10,5,2,2,2
677,126,9,10,5,2,2,2
961,127,9,10,5,2,2,2
1815,128,9,10,5,2,2,2
1178,129,9,10,5,2,2,2
1661,130,9,10,5,2,2,2
215,131,9,10,5,2,2,2
457,132,9,10,5,2,2,2
2092,133,9,10,5,2,2,2
1372,134,9,10,5,2,2,2
1572,135,9,10,5,2,2,2
518,136,9,10,5,2,2,2
2285,137,11,12,6,4,4,4
1896,138,11,12,6,4,4,4
2587,139,11,12,6,4,4,4
719,140,11,12,6,4,4,4
309,141,11,12,6,4,4,4
2582,142,11,12,6,4,4,4
930,143,11,12,6,4,4,4
643,144,11,12,6,4,4,4
705,145,11,12,6,4,4,4
2174,146,11,12,6,4,4,4
2441,147,11,12,6,4,4,4
2451,148,11,12,6,4,4,4
1138,149,11,12,6,4,4,4
1075,150,11,12,6,4,4,4
1843,151,11,12,6,4,4,4
2232,152,11,12,6,4,4,4
940,153,11,12,6,4,4,4
335,154,11,12,6,4,4,4
374,155,11,12,6,4,4,4
1116,156,11,12,6,4,4,4
1691,157,11,12,6,4,4,4
2186,158,11,12,6,4,4,4
2385,159,11,12,6,4,4,4
189,160,11,12,6,4,4,4
2140,161,11,12,6,4,4,4
2465,162,11,12,6,4,4,4
769,163,11,12,6,4,4,4
615,164,11,12,6,4,4,4
2635,165,11,12,6,4,4,4
1124,166,11,12,6,4,4,4
1650,167,11,12,6,4,4,4
459,168,11,12,6,4,4,4
1224,169,11,12,6,4,4,4
1516,170,11,12,6,4,4,4
851,171,11,12,6,4,4,4
551,172,11,12,6,4,4,4
2458,173,11,12,6,4,4,4
905,174,13,14,7,1,1,1
2157,175,13,14,7,1,1,1
1096,176,13,14,7,1,1,1
2651,177,13,14,7,1,1,1
2652,178,13,14,7,1,1,1
2649,179,13,14,7,1,1,1
972,180,13,14,7,1,1,1
2869,181,15,16,8,2,2,2
2828,182,15,16,8,2,2,2
2832,183,15,16,8,2,2,2
2866,184,15,16,8,2,2,2
2860,185,15,16,8,2,2,2
2863,186,15,16,8,2,2,2
2840,187,15,16,8,2,2,2
2850,188,15,16,8,2,2,2
2846,189,15,16,8,2,2,2
2842,190,15,16,8,2,2,2
2848,191,15,16,8,2,2,2
2837,192,15,16,8,2,2,2
2849,193,15,16,8,2,2,2
2867,194,15,16,8,2,2,2
2861,195,15,16,8,2,2,2
2874,196,15,16,8,2,2,2
2843,197,15,16,8,2,2,2
2841,198,15,16,8,2,2,2
2831,199,15,16,8,2,2,2
2836,200,15,16,8,2,2,2
1848,201,17,18,9,3,3,3
755,202,17,18,9,3,3,3
1850,203,17,18,9,3,3,3
820,204,17,18,9,3,3,3
1206,205,17,18,9,3,3,3
639,206,17,18,9,3,3,3
499,207,17,18,9,3,3,3
2470,208,17,18,9,3,3,3
308,209,17,18,9,3,3,3
2374,210,17,18,9,3,3,3
746,211,17,18,9,3,3,3
379,212,17,18,9,3,3,3
798,213,17,18,9,3,3,3
927,214,17,18,9,3,3,3
1732,215,17,18,9,3,3,3
539,216,17,18,9,3,3,3
1613,217,17,18,9,3,3,3
2346,218,17,18,9,3,3,3
2617,219,17,18,9,3,3,3
2029,220,17,18,9,3,3,3
2305,221,17,18,9,3,3,3
580,222,17,18,9,3,3,3
853,223,17,18,9,3,3,3
561,224,17,18,9,3,3,3
1812,225,17,18,9,3,3,3
44,226,17,18,9,3,3,3
2604,227,17,18,9,3,3,3
1699,228,17,18,9,3,3,3
2378,229,17,18,9,3,3,3
2152,230,17,18,9,3,3,3
1450,231,17,18,9,3,3,3
740,232,17,18,9,3,3,3
1401,233,17,18,9,3,3,3
2037,234,17,18,9,3,3,3
1354,235,17,18,9,3,3,3
1130,236,17,18,9,3,3,3
623,237,19,20,10,3,3,3
2450,238,19,20,10,3,3,3
1196,239,19,20,10,3,3,3
591,240,19,20,10,3,3,3
2496,241,19,20,10,3,3,3
581,242,19,20,10,3,3,3
2489,243,19,20,10,3,3,3
2377,244,19,20,10,3,3,3
1977,245,19,20,10,3,3,3
1656,246,19,20,10,3,3,3
620,247,19,20,10,3,3,3
2114,248,19,20,10,3,3,3
1324,249,19,20,10,3,3,3
2206,250,19,20,10,3,3,3
2435,251,19,20,10,3,3,3
354,252,19,20,10,3,3,3
1617,253,19,20,10,3,3,3
2008,254,19,20,10,3,3,3
1273,255,19,20,10,3,3,3
466,256,19,20,10,3,3,3
672,257,19,20,10,3,3,3
950,258,19,20,10,3,3,3
947,259,19,20,10,3,3,3
460,260,19,20,10,3,3,3
919,261,19,20,10,3,3,3
842,262,19,20,10,3,3,3
60,263,19,20,10,3,3,3
1268,264,19,20,10,3,3,3
1489,265,19,20,10,3,3,3
2020,266,19,20,10,3,3,3
134,267,19,20,10,3,3,3
1132,268,19,20,10,3,3,3
325,269,21,22,11,3,3,3
2188,270,21,22,11,3,3,3
881,271,21,22,11,3,3,3
530,272,21,22,11,3,3,3
2203,273,21,22,11,3,3,3
1328,274,21,22,11,3,3,3
340,275,21,22,11,3,3,3
2539,276,21,22,11,3,3,3
2538,277,21,22,11,3,3,3
1836,278,21,22,11,3,3,3
2257,279,21,22,11,3,3,3
2259,280,21,22,11,3,3,3
119,281,21,22,11,3,3,3
139,282,21,22,11,3,3,3
2379,283,21,22,11,3,3,3
1698,284,21,22,11,3,3,3
2313,285,21,22,11,3,3,3
336,286,21,22,11,3,3,3
1715,287,21,22,11,3,3,3
2021,288,21,22,11,3,3,3
1107,289,21,22,11,3,3,3
252,290,23,24,12,3,3,3
312,291,23,24,12,3,3,3
1326,292,23,24,12,3,3,3
483,293,23,24,12,3,3,3
167,294,23,24,12,3,3,3
2246,295,23,24,12,3,3,3
489,296,23,24,12,3,3,3
983,297,23,24,12,3,3,3
179,298,23,24,12,3,3,3
2235,299,23,24,12,3,3,3
1749,300,23,24,12,3,3,3
2454,301,23,24,12,3,3,3
187,302,23,24,12,3,3,3
2103,303,23,24,12,3,3,3
404,304,23,24,12,3,3,3
855,305,23,24,12,3,3,3
914,306,23,24,12,3,3,3
2467,307,23,24,12,3,3,3
1723,308,23,24,12,3,3,3
1482,309,23,24,12,3,3,3
988,310,23,24,12,3,3,3
243,311,23,24,12,3,3,3
2546,312,23,24,12,3,3,3
276,313,23,24,12,3,3,3
57,314,23,24,12,3,3,3
1546,315,23,24,12,3,3,3
582,316,23,24,12,3,3,3
1858,317,23,24,12,3,3,3
695,318,23,24,12,3,3,3
2301,319,23,24,12,3,3,3
2005,320,23,24,12,3,3,3
2071,321,25,26,13,1,1,1
1989,322,25,26,13,1,1,1
251,323,25,26,13,1,1,1
2156,324,25,26,13,1,1,1
327,325,25,26,13,1,1,1
1525,326,25,26,13,1,1,1
852,327,25,26,13,1,1,1
771,328,25,26,13,1,1,1
2289,329,25,26,13,1,1,1
1014,330,25,26,13,1,1,1
1776,331,25,26,13,1,1,1
2510,332,25,26,13,1,1,1
2336,333,25,26,13,1,1,1
1609,334,25,26,13,1,1,1
161,335,25,26,13,1,1,1
211,336,25,26,13,1,1,1
543,337,25,26,13,1,1,1
1955,338,25,26,13,1,1,1
1730,339,25,26,13,1,1,1
2030,340,25,26,13,1,1,1
394,341,25,26,13,1,1,1
2641,342,25,26,13,1,1,1
747,343,25,26,13,1,1,1
400,344,25,26,13,1,1,1
54,345,25,26,13,1,1,1
1105,346,25,26,13,1,1,1
785,347,25,26,13,1,1,1
962,348,25,26,13,1,1,1
892,349,25,26,13,1,1,1
6,350,25,26,13,1,1,1
2309,351,25,26,13,1,1,1
1567,352,25,26,13,1,1,1
1855,353,25,26,13,1,1,1
1290,354,25,26,13,1,1,1
2554,355,25,26,13,1,1,1
1862,356,25,26,13,1,1,1
1144,357,25,26,13,1,1,1
2593,358,25,26,13,1,1,1
107,359,27,28,14,4,4,4
1049,360,27,28,14,4,4,4
1375,361,27,28,14,4,4,4
2277,362,27,28,14,4,4,4
384,363,27,28,14,4,4,4
699,364,27,28,14,4,4,4
1940,365,27,28,14,4,4,4
104,366,27,28,14,4,4,4
1765,367,27,28,14,4,4,4
1959,368,27,28,14,4,4,4
703,369,27,28,14,4,4,4
1097,370,27,28,14,4,4,4
1217,371,27,28,14,4,4,4
2333,372,27,28,14,4,4,4
1218,373,27,28,14,4,4,4
425,374,27,28,14,4,4,4
985,375,27,28,14,4,4,4
74,376,27,28,14,4,4,4
657,377,27,28,14,4,4,4
1279,378,27,28,14,4,4,4
318,379,27,28,14,4,4,4
1700,380,27,28,14,4,4,4
600,381,27,28,14,4,4,4
1538,382,27,28,14,4,4,4
2310,383,27,28,14,4,4,4
1347,384,29,30,15,2,2,2
886,385,29,30,15,2,2,2
687,386,29,30,15,2,2,2
1518,387,29,30,15,2,2,2
342,388,29,30,15,2,2,2
1231,389,29,30,15,2,2,2
353,390,29,30,15,2,2,2
1924,391,29,30,15,2,2,2
1932,392,29,30,15,2,2,2
1813,393,29,30,15,2,2,2
2656,394,29,30,15,2,2,2
1439,395,29,30,15,2,2,2
2592,396,29,30,15,2,2,2
1029,397,29,30,15,2,2,2
2350,398,29,30,15,2,2,2
625,399,29,30,15,2,2,2
458,400,29,30,15,2,2,2
2236,401,29,30,15,2,2,2
2655,402,29,30,15,2,2,2
2401,403,29,30,15,2,2,2
26,404,29,30,15,2,2,2
162,405,29,30,15,2,2,2
2464,406,29,30,15,2,2,2
2395,407,29,30,15,2,2,2
2326,408,29,30,15,2,2,2
2322,409,29,30,15,2,2,2
1893,410,29,30,15,2,2,2
2988,411,31,32,16,2,2,2
2998,412,31,32,16,2,2,2
2985,413,31,32,16,2,2,2
3015,414,31,32,16,2,2,2
2992,415,31,32,16,2,2,2
2987,416,31,32,16,2,2,2
3010,417,31,32,16,2,2,2
2983,418,31,32,16,2,2,2
2972,419,31,32,16,2,2,2
3017,420,31,32,16,2,2,2
3004,421,31,32,16,2,2,2
3016,422,31,32,16,2,2,2
3003,423,31,32,16,2,2,2
3009,424,31,32,16,2,2,2
3007,425,31,32,16,2,2,2
3002,426,31,32,16,2,2,2
2993,427,31,32,16,2,2,2
3013,428,31,32,16,2,2,2
2995,429,31,32,16,2,2,2
3169,430,33,34,17,2,2,2
2511,431,33,34,17,2,2,2
2062,432,33,34,17,2,2,2
1322,433,33,34,17,2,2,2
1074,434,33,34,17,2,2,2
665,435,33,34,17,2,2,2
1961,436,33,34,17,2,2,2
544,437,33,34,17,2,2,2
1721,438,33,34,17,2,2,2
508,439,33,34,17,2,2,2
510,440,33,34,17,2,2,2
1155,441,33,34,17,2,2,2
1216,442,33,34,17,2,2,2
2666,443,33,34,17,2,2,2
2293,444,33,34,17,2,2,2
1956,445,33,34,17,2,2,2
2463,446,33,34,17,2,2,2
599,447,33,34,17,2,2,2
3168,448,33,34,17,2,2,2
1849,449,33,34,17,2,2,2
367,450,33,34,17,2,2,2
1828,451,33,34,17,2,2,2
601,452,33,34,17,2,2,2
2428,453,33,34,17,2,2,2
2668,454,33,34,17,2,2,2
2667,455,33,34,17,2,2,2
594,456,35,36,18,4,4,4
1219,457,35,36,18,4,4,4
188,458,35,36,18,4,4,4
117,459,35,36,18,4,4,4
1709,460,35,36,18,4,4,4
266,461,35,36,18,4,4,4
1374,462,35,36,18,4,4,4
2004,463,35,36,18,4,4,4
2439,464,35,36,18,4,4,4
1987,465,35,36,18,4,4,4
1113,466,35,36,18,4,4,4
431,467,35,36,18,4,4,4
1526,468,35,36,18,4,4,4
1630,469,35,36,18,4,4,4
156,470,35,36,18,4,4,4
398,471,35,36,18,4,4,4
174,472,35,36,18,4,4,4
2575,473,35,36,18,4,4,4
87,474,35,36,18,4,4,4
2187,475,35,36,18,4,4,4
1201,476,35,36,18,4,4,4
415,477,35,36,18,4,4,4
1379,478,35,36,18,4,4,4
91,479,35,36,18,4,4,4
1832,480,35,36,18,4,4,4
923,481,35,36,18,4,4,4
920,482,35,36,18,4,4,4
1537,483,35,36,18,4,4,4
2590,484,35,36,18,4,4,4
421,485,35,36,18,4,4,4
48,486,35,36,18,4,4,4
282,487,37,38,19,1,1,1
1441,488,37,38,19,1,1,1
1164,489,37,38,19,1,1,1
906,490,37,38,19,1,1,1
1127,491,37,38,19,1,1,1
1253,492,37,38,19,1,1,1
1149,493,37,38,19,1,1,1
2191,494,37,38,19,1,1,1
797,495,37,38,19,1,1,1
804,496,37,38,19,1,1,1
1242,497,37,38,19,1,1,1
2386,498,37,38,19,1,1,1
1195,499,37,38,19,1,1,1
1701,500,37,38,19,1,1,1
1735,501,37,38,19,1,1,1
2400,502,37,38,19,1,1,1
698,503,37,38,19,1,1,1
1521,504,37,38,19,1,1,1
1393,505,37,38,19,1,1,1
552,506,37,38,19,1,1,1
2047,507,37,38,19,1,1,1
833,508,37,38,19,1,1,1
2082,509,37,38,19,1,1,1
1747,510,37,38,19,1,1,1
1083,511,37,38,19,1,1,1
2268,512,37,38,19,1,1,1
2117,513,37,38,19,1,1,1
1589,514,39,40,20,1,1,1
1015,515,39,40,20,1,1,1
2226,516,39,40,20,1,1,1
137,517,39,40,20,1,1,1
2239,518,39,40,20,1,1,1
1502,519,39,40,20,1,1,1
63,520,39,40,20,1,1,1
1050,521,39,40,20,1,1,1
1087,522,39,40,20,1,1,1
1464,523,39,40,20,1,1,1
3159,524,39,40,20,1,1,1
3161,525,39,40,20,1,1,1
2347,526,39,40,20,1,1,1
3160,527,39,40,20,1,1,1
924,528,39,40,20,1,1,1
1669,529,39,40,20,1,1,1
3163,530,39,40,20,1,1,1
222,531,39,40,20,1,1,1
1355,532,39,40,20,1,1,1
1173,533,39,40,20,1,1,1
413,534,39,40,20,1,1,1
2286,535,39,40,20,1,1,1
451,536,39,40,20,1,1,1
1046,537,39,40,20,1,1,1
2177,538,39,40,20,1,1,1
3085,539,41,42,21,3,3,3
3071,540,41,42,21,3,3,3
3046,541,41,42,21,3,3,3
3047,542,41,42,21,3,3,3
3050,543,41,42,21,3,3,3
3044,544,41,42,21,3,3,3
3056,545,41,42,21,3,3,3
3064,546,41,42,21,3,3,3
3065,547,41,42,21,3,3,3
3051,548,41,42,21,3,3,3
3053,549,41,42,21,3,3,3
3054,550,41,42,21,3,3,3
3090,551,41,42,21,3,3,3
3080,552,41,42,21,3,3,3
3087,553,41,42,21,3,3,3
168,554,41,42,21,3,3,3
3088,555,41,42,21,3,3,3
3069,556,41,42,21,3,3,3
3063,557,41,42,21,3,3,3
3061,558,41,42,21,3,3,3
3057,559,41,42,21,3,3,3
3043,560,41,42,21,3,3,3
1981,561,41,42,21,3,3,3
3079,562,41,42,21,3,3,3
3059,563,41,42,21,3,3,3
3058,564,41,42,21,3,3,3
3062,565,41,42,21,3,3,3
3060,566,41,42,21,3,3,3
3055,567,41,42,21,3,3,3
3066,568,41,42,21,3,3,3
3052,569,41,42,21,3,3,3
3048,570,41,42,21,3,3,3
1343,571,43,44,22,4,4,4
893,572,43,44,22,4,4,4
1183,573,43,44,22,4,4,4
1094,574,43,44,22,4,4,4
1819,575,43,44,22,4,4,4
2135,576,43,44,22,4,4,4
2039,577,43,44,22,4,4,4
114,578,43,44,22,4,4,4
844,579,43,44,22,4,4,4
23,580,43,44,22,4,4,4
1931,581,43,44,22,4,4,4
1545,582,43,44,22,4,4,4
2598,583,43,44,22,4,4,4
2503,584,43,44,22,4,4,4
262,585,43,44,22,4,4,4
2093,586,43,44,22,4,4,4
133,587,43,44,22,4,4,4
1838,588,43,44,22,4,4,4
152,589,43,44,22,4,4,4
2625,590,43,44,22,4,4,4
1806,591,43,44,22,4,4,4
3027,592,43,44,22,4,4,4
554,593,43,44,22,4,4,4
346,594,43,44,22,4,4,4
2639,595,43,44,22,4,4,4
1719,596,43,44,22,4,4,4
807,597,45,46,23,4,4,4
742,598,45,46,23,4,4,4
1591,599,45,46,23,4,4,4
2371,600,45,46,23,4,4,4
864,601,45,46,23,4,4,4
2207,602,45,46,23,4,4,4
714,603,45,46,23,4,4,4
2646,604,45,46,23,4,4,4
3195,605,45,46,23,4,4,4
1588,606,45,46,23,4,4,4
291,607,45,46,23,4,4,4
729,608,45,46,23,4,4,4
1990,609,45,46,23,4,4,4
3032,610,45,46,23,4,4,4
3036,611,45,46,23,4,4,4
256,612,45,46,23,4,4,4
944,613,45,46,23,4,4,4
2638,614,45,46,23,4,4,4
1809,615,45,46,23,4,4,4
3180,616,45,46,23,4,4,4
1194,617,45,46,23,4,4,4
381,618,45,46,23,4,4,4
3033,619,45,46,23,4,4,4
745,620,45,46,23,4,4,4
360,621,45,46,23,4,4,4
3034,622,45,46,23,4,4,4
2359,623,47,48,24,4,4,4
149,624,47,48,24,4,4,4
791,625,47,48,24,4,4,4
2261,626,47,48,24,4,4,4
937,627,47,48,24,4,4,4
2363,628,47,48,24,4,4,4
1079,629,47,48,24,4,4,4
1921,630,47,48,24,4,4,4
505,631,47,48,24,4,4,4
2551,632,47,48,24,4,4,4
2250,633,47,48,24,4,4,4
1005,634,47,48,24,4,4,4
2609,635,47,48,24,4,4,4
1639,636,47,48,24,4,4,4
1148,637,47,48,24,4,4,4
671,638,47,48,24,4,4,4
2597,639,47,48,24,4,4,4
9,640,47,48,24,4,4,4
127,641,47,48,24,4,4,4
1590,642,47,48,24,4,4,4
1892,643,47,48,24,4,4,4
2520,644,47,48,24,4,4,4
478,645,47,48,24,4,4,4
1684,646,47,48,24,4,4,4
1804,647,47,48,24,4,4,4
967,648,47,48,24,4,4,4
2541,649,47,48,24,4,4,4
2262,650,49,50,25,2,2,2
1190,651,49,50,25,2,2,2
527,652,49,50,25,2,2,2
1131,653,49,50,25,2,2,2
1742,654,49,50,25,2,2,2
1248,655,49,50,25,2,2,2
885,656,49,50,25,2,2,2
4,657,49,50,25,2,2,2
1474,658,49,50,25,2,2,2
1692,659,49,50,25,2,2,2
1962,660,49,50,25,2,2,2
92,661,49,50,25,2,2,2
2360,662,49,50,25,2,2,2
1678,663,49,50,25,2,2,2
839,664,49,50,25,2,2,2
1979,665,49,50,25,2,2,2
1294,666,49,50,25,2,2,2
1936,667,49,50,25,2,2,2
2688,668,51,52,26,1,1,1
2703,669,51,52,26,1,1,1
2684,670,51,52,26,1,1,1
2699,671,51,52,26,1,1,1
2690,672,51,52,26,1,1,1
2698,673,51,52,26,1,1,1
2712,674,51,52,26,1,1,1
2695,675,51,52,26,1,1,1
2704,676,51,52,26,1,1,1
2707,677,51,52,26,1,1,1
2716,678,51,52,26,1,1,1
2722,679,51,52,26,1,1,1
2685,680,51,52,26,1,1,1
2696,681,51,52,26,1,1,1
2718,682,51,52,26,1,1,1
2689,683,51,52,26,1,1,1
2719,684,51,52,26,1,1,1
2723,685,51,52,26,1,1,1
2700,686,51,52,26,1,1,1
2709,687,51,52,26,1,1,1
2717,688,51,52,26,1,1,1
2724,689,51,52,26,1,1,1
2692,690,51,52,26,1,1,1
2714,691,51,52,26,1,1,1
2710,692,51,52,26,1,1,1
649,693,53,54,27,1,1,1
408,694,53,54,27,1,1,1
2640,695,53,54,27,1,1,1
1739,696,53,54,27,1,1,1
2051,697,53,54,27,1,1,1
2267,698,53,54,27,1,1,1
1035,699,53,54,27,1,1,1
2658,700,53,54,27,1,1,1
326,701,53,54,27,1,1,1
204,702,53,54,27,1,1,1
792,703,53,54,27,1,1,1
1316,704,53,54,27,1,1,1
469,705,53,54,27,1,1,1
694,706,53,54,27,1,1,1
2351,707,53,54,27,1,1,1
2375,708,53,54,27,1,1,1
1891,709,53,54,27,1,1,1
624,710,53,54,27,1,1,1
564,711,53,54,27,1,1,1
124,712,53,54,27,1,1,1
679,713,53,54,27,1,1,1
1123,714,53,54,27,1,1,1
95,715,53,54,27,1,1,1
1028,716,53,54,27,1,1,1
2599,717,53,54,27,1,1,1
578,718,53,54,27,1,1,1
1007,719,53,54,27,1,1,1
356,720,55,56,28,3,3,3
640,721,55,56,28,3,3,3
269,722,55,56,28,3,3,3
42,723,55,56,28,3,3,3
783,724,55,56,28,3,3,3
1973,725,55,56,28,3,3,3
1695,726,55,56,28,3,3,3
1267,727,55,56,28,3,3,3
1619,728,55,56,28,3,3,3
2469,729,55,56,28,3,3,3
2563,730,55,56,28,3,3,3
1827,731,55,56,28,3,3,3
351,732,55,56,28,3,3,3
818,733,55,56,28,3,3,3
474,734,55,56,28,3,3,3
1205,735,55,56,28,3,3,3
2001,736,55,56,28,3,3,3
2542,737,55,56,28,3,3,3
1559,738,55,56,28,3,3,3
873,739,55,56,28,3,3,3
559,740,55,56,28,3,3,3
1948,741,55,56,28,3,3,3
473,742,55,56,28,3,3,3
2529,743,55,56,28,3,3,3
481,744,55,56,28,3,3,3
471,745,55,56,28,3,3,3
2102,746,55,56,28,3,3,3
2028,747,55,56,28,3,3,3
1260,748,55,56,28,3,3,3
7,749,55,56,28,3,3,3
494,750,55,56,28,3,3,3
463,751,57,58,29,1,1,1
2006,752,57,58,29,1,1,1
1993,753,57,58,29,1,1,1
2031,754,57,58,29,1,1,1
1425,755,57,58,29,1,1,1
2165,756,57,58,29,1,1,1
1145,757,57,58,29,1,1,1
2131,758,57,58,29,1,1,1
712,759,57,58,29,1,1,1
1234,760,57,58,29,1,1,1
1642,761,57,58,29,1,1,1
2425,762,57,58,29,1,1,1
225,763,57,58,29,1,1,1
2530,764,57,58,29,1,1,1
1428,765,57,58,29,1,1,1
99,766,59,60,30,3,3,3
575,767,59,60,30,3,3,3
1596,768,59,60,30,3,3,3
293,769,59,60,30,3,3,3
405,770,59,60,30,3,3,3
667,771,59,60,30,3,3,3
650,772,59,60,30,3,3,3
1336,773,59,60,30,3,3,3
2167,774,59,60,30,3,3,3
1626,775,59,60,30,3,3,3
727,776,59,60,30,3,3,3
606,777,59,60,30,3,3,3
205,778,59,60,30,3,3,3
1498,779,59,60,30,3,3,3
1534,780,59,60,30,3,3,3
1573,781,59,60,30,3,3,3
2419,782,59,60,30,3,3,3
2580,783,59,60,30,3,3,3
1399,784,59,60,30,3,3,3
1330,785,59,60,30,3,3,3
352,786,59,60,30,3,3,3
1238,787,59,60,30,3,3,3
2242,788,59,60,30,3,3,3
661,789,59,60,30,3,3,3
2584,790,59,60,30,3,3,3
120,791,59,60,30,3,3,3
1676,792,59,60,30,3,3,3
2016,793,59,60,30,3,3,3
1672,794,59,60,30,3,3,3
2143,795,61,62,31,3,3,3
322,796,61,62,31,3,3,3
112,797,61,62,31,3,3,3
542,798,61,62,31,3,3,3
523,799,61,62,31,3,3,3
2273,800,61,62,31,3,3,3
80,801,61,62,31,3,3,3
1067,802,61,62,31,3,3,3
1831,803,61,62,31,3,3,3
1139,804,61,62,31,3,3,3
744,805,61,62,31,3,3,3
1520,806,61,62,31,3,3,3
440,807,61,62,31,3,3,3
734,808,61,62,31,3,3,3
1553,809,61,62,31,3,3,3
1880,810,61,62,31,3,3,3
2040,811,61,62,31,3,3,3
1189,812,61,62,31,3,3,3
633,813,61,62,31,3,3,3
208,814,61,62,31,3,3,3
1713,815,61,62,31,3,3,3
59,816,61,62,31,3,3,3
563,817,61,62,31,3,3,3
1034,818,61,62,31,3,3,3
213,819,61,62,31,3,3,3
1303,820,61,62,31,3,3,3
1708,821,61,62,31,3,3,3
541,822,61,62,31,3,3,3
925,823,61,62,31,3,3,3
300,824,61,62,31,3,3,3
138,825,63,64,32,3,3,3
274,826,63,64,32,3,3,3
2227,827,63,64,32,3,3,3
2032,828,63,64,32,3,3,3
193,829,63,64,32,3,3,3
2056,830,63,64,32,3,3,3
997,831,63,64,32,3,3,3
1593,832,63,64,32,3,3,3
1161,833,63,64,32,3,3,3
1681,834,63,64,32,3,3,3
1761,835,63,64,32,3,3,3
355,836,63,64,32,3,3,3
590,837,63,64,32,3,3,3
1422,838,63,64,32,3,3,3
1628,839,63,64,32,3,3,3
1032,840,65,66,33,1,1,1
1876,841,65,66,33,1,1,1
608,842,65,66,33,1,1,1
819,843,65,66,33,1,1,1
877,844,65,66,33,1,1,1
723,845,65,66,33,1,1,1
555,846,65,66,33,1,1,1
1452,847,65,66,33,1,1,1
689,848,65,66,33,1,1,1
971,849,65,66,33,1,1,1
2618,850,65,66,33,1,1,1
1725,851,65,66,33,1,1,1
33,852,67,68,34,5,5,5
2022,853,67,68,34,5,5,5
1478,854,67,68,34,5,5,5
3026,855,67,68,34,5,5,5
1797,856,67,68,34,5,5,5
516,857,67,68,34,5,5,5
1282,858,67,68,34,5,5,5
3024,859,67,68,34,5,5,5
182,860,67,68,34,5,5,5
1108,861,67,68,34,5,5,5
1946,862,67,68,34,5,5,5
681,863,67,68,34,5,5,5
1073,864,67,68,34,5,5,5
2178,865,67,68,34,5,5,5
1782,866,67,68,34,5,5,5
1060,867,67,68,34,5,5,5
1570,868,67,68,34,5,5,5
3022,869,67,68,34,5,5,5
1985,870,67,68,34,5,5,5
1438,871,67,68,34,5,5,5
1076,872,67,68,34,5,5,5
3025,873,67,68,34,5,5,5
1465,874,67,68,34,5,5,5
1085,875,67,68,34,5,5,5
1426,876,67,68,34,5,5,5
3023,877,67,68,34,5,5,5
2757,878,69,70,35,2,2,2
2768,879,69,70,35,2,2,2
2737,880,69,70,35,2,2,2
2735,881,69,70,35,2,2,2
2752,882,69,70,35,2,2,2
2764,883,69,70,35,2,2,2
2766,884,69,70,35,2,2,2
2754,885,69,70,35,2,2,2
2769,886,69,70,35,2,2,2
2743,887,69,70,35,2,2,2
2742,888,69,70,35,2,2,2
2732,889,69,70,35,2,2,2
2738,890,69,70,35,2,2,2
2733,891,69,70,35,2,2,2
2758,892,69,70,35,2,2,2
2747,893,69,70,35,2,2,2
2765,894,69,70,35,2,2,2
2751,895,69,70,35,2,2,2
2759,896,69,70,35,2,2,2
2755,897,69,70,35,2,2,2
2746,898,69,70,35,2,2,2
2741,899,69,70,35,2,2,2
1834,900,71,72,36,2,2,2
2544,901,71,72,36,2,2,2
1865,902,71,72,36,2,2,2
1840,903,71,72,36,2,2,2
2476,904,71,72,36,2,2,2
2162,905,71,72,36,2,2,2
332,906,71,72,36,2,2,2
1790,907,71,72,36,2,2,2
1574,908,71,72,36,2,2,2
1624,909,71,72,36,2,2,2
2605,910,71,72,36,2,2,2
370,911,71,72,36,2,2,2
2183,912,71,72,36,2,2,2
2348,913,71,72,36,2,2,2
2369,914,71,72,36,2,2,2
229,915,71,72,36,2,2,2
1622,916,71,72,36,2,2,2
2127,917,71,72,36,2,2,2
547,918,71,72,36,2,2,2
2479,919,71,72,36,2,2,2
1162,920,71,72,36,2,2,2
945,921,71,72,36,2,2,2
248,922,71,72,36,2,2,2
2368,923,71,72,36,2,2,2
773,924,73,74,37,2,2,2
301,925,73,74,37,2,2,2
387,926,73,74,37,2,2,2
231,927,73,74,37,2,2,2
2161,928,73,74,37,2,2,2
1837,929,73,74,37,2,2,2
35,930,73,74,37,2,2,2
2418,931,73,74,37,2,2,2
56,932,73,74,37,2,2,2
1898,933,73,74,37,2,2,2
2045,934,73,74,37,2,2,2
2003,935,73,74,37,2,2,2
1485,936,73,74,37,2,2,2
2287,937,73,74,37,2,2,2
2133,938,73,74,37,2,2,2
1171,939,73,74,37,2,2,2
2430,940,73,74,37,2,2,2
123,941,73,74,37,2,2,2
272,942,73,74,37,2,2,2
1579,943,73,74,37,2,2,2
904,944,73,74,37,2,2,2
526,945,73,74,37,2,2,2
1930,946,75,76,38,1,1,1
329,947,75,76,38,1,1,1
524,948,75,76,38,1,1,1
375,949,75,76,38,1,1,1
910,950,75,76,38,1,1,1
419,951,75,76,38,1,1,1
1984,952,75,76,38,1,1,1
315,953,75,76,38,1,1,1
2270,954,75,76,38,1,1,1
1270,955,77,78,39,3,3,3
2253,956,77,78,39,3,3,3
497,957,77,78,39,3,3,3
383,958,77,78,39,3,3,3
1710,959,77,78,39,3,3,3
373,960,77,78,39,3,3,3
2562,961,77,78,39,3,3,3
1497,962,77,78,39,3,3,3
2303,963,77,78,39,3,3,3
1928,964,77,78,39,3,3,3
1334,965,77,78,39,3,3,3
1616,966,77,78,39,3,3,3
93,967,77,78,39,3,3,3
1799,968,77,78,39,3,3,3
1823,969,77,78,39,3,3,3
974,970,77,78,39,3,3,3
1051,971,77,78,39,3,3,3
2329,972,77,78,39,3,3,3
1517,973,77,78,39,3,3,3
936,974,77,78,39,3,3,3
2475,975,77,78,39,3,3,3
1293,976,77,78,39,3,3,3
2125,977,77,78,39,3,3,3
629,978,77,78,39,3,3,3
888,979,77,78,39,3,3,3
781,980,77,78,39,3,3,3
989,981,79,80,40,3,3,3
1933,982,79,80,40,3,3,3
2514,983,79,80,40,3,3,3
2142,984,79,80,40,3,3,3
47,985,79,80,40,3,3,3
1548,986,79,80,40,3,3,3
2113,987,79,80,40,3,3,3
2513,988,79,80,40,3,3,3
2355,989,79,80,40,3,3,3
1927,990,79,80,40,3,3,3
1922,991,79,80,40,3,3,3
1249,992,79,80,40,3,3,3
242,993,79,80,40,3,3,3
758,994,79,80,40,3,3,3
1968,995,79,80,40,3,3,3
2144,996,79,80,40,3,3,3
951,997,79,80,40,3,3,3
2015,998,79,80,40,3,3,3
115,999,79,80,40,3,3,3
432,1000,79,80,40,3,3,3
1759,1001,79,80,40,3,3,3
1807,1002,79,80,40,3,3,3
2138,1003,79,80,40,3,3,3
1239,1004,79,80,40,3,3,3
808,1005,81,82,41,4,4,4
1153,1006,81,82,41,4,4,4
1286,1007,81,82,41,4,4,4
2576,1008,81,82,41,4,4,4
2482,1009,81,82,41,4,4,4
2088,1010,81,82,41,4,4,4
2024,1011,81,82,41,4,4,4
194,1012,81,82,41,4,4,4
683,1013,81,82,41,4,4,4
1682,1014,81,82,41,4,4,4
2461,1015,81,82,41,4,4,4
759,1016,81,82,41,4,4,4
1511,1017,81,82,41,4,4,4
1636,1018,81,82,41,4,4,4
2215,1019,81,82,41,4,4,4
2274,1020,81,82,41,4,4,4
1846,1021,81,82,41,4,4,4
1476,1022,81,82,41,4,4,4
2151,1023,81,82,41,4,4,4
894,1024,81,82,41,4,4,4
986,1025,81,82,41,4,4,4
573,1026,81,82,41,4,4,4
1472,1027,81,82,41,4,4,4
271,1028,81,82,41,4,4,4
766,1029,81,82,41,4,4,4
879,1030,81,82,41,4,4,4
1136,1031,81,82,41,4,4,4
450,1032,81,82,41,4,4,4
1210,1033,83,84,42,1,1,1
2055,1034,83,84,42,1,1,1
569,1035,83,84,42,1,1,1
150,1036,83,84,42,1,1,1
28,1037,83,84,42,1,1,1
377,1038,83,84,42,1,1,1
1185,1039,83,84,42,1,1,1
534,1040,83,84,42,1,1,1
496,1041,83,84,42,1,1,1
2164,1042,83,84,42,1,1,1
1487,1043,83,84,42,1,1,1
958,1044,83,84,42,1,1,1
603,1045,83,84,42,1,1,1
2670,1046,85,86,43,1,1,1
3150,1047,85,86,43,1,1,1
2683,1048,85,86,43,1,1,1
2299,1049,85,86,43,1,1,1
1141,1050,85,86,43,1,1,1
1071,1051,85,86,43,1,1,1
774,1052,85,86,43,1,1,1
1851,1053,85,86,43,1,1,1
197,1054,85,86,43,1,1,1
1802,1055,85,86,43,1,1,1
449,1056,85,86,43,1,1,1
2675,1057,85,86,43,1,1,1
143,1058,85,86,43,1,1,1
799,1059,85,86,43,1,1,1
903,1060,85,86,43,1,1,1
2402,1061,85,86,43,1,1,1
2676,1062,85,86,43,1,1,1
2682,1063,85,86,43,1,1,1
2211,1064,85,86,43,1,1,1
1211,1065,85,86,43,1,1,1
586,1066,85,86,43,1,1,1
2679,1067,85,86,43,1,1,1
2678,1068,85,86,43,1,1,1
560,1069,85,86,43,1,1,1
2491,1070,85,86,43,1,1,1
673,1071,85,86,43,1,1,1
2579,1072,87,88,44,5,5,5
660,1073,87,88,44,5,5,5
1307,1074,87,88,44,5,5,5
1745,1075,87,88,44,5,5,5
540,1076,87,88,44,5,5,5
1020,1077,87,88,44,5,5,5
264,1078,87,88,44,5,5,5
1048,1079,87,88,44,5,5,5
846,1080,87,88,44,5,5,5
978,1081,87,88,44,5,5,5
1114,1082,87,88,44,5,5,5
2066,1083,87,88,44,5,5,5
682,1084,87,88,44,5,5,5
1558,1085,87,88,44,5,5,5
1637,1086,87,88,44,5,5,5
1625,1087,87,88,44,5,5,5
2523,1088,87,88,44,5,5,5
1284,1089,87,88,44,5,5,5
521,1090,87,88,44,5,5,5
344,1091,87,88,44,5,5,5
1041,1092,87,88,44,5,5,5
297,1093,87,88,44,5,5,5
1711,1094,87,88,44,5,5,5
1420,1095,87,88,44,5,5,5
85,1096,87,88,44,5,5,5
2564,1097,87,88,44,5,5,5
656,1098,87,88,44,5,5,5
2608,1099,87,88,44,5,5,5
1651,1100,87,88,44,5,5,5
1524,1101,87,88,44,5,5,5
2278,1102,87,88,44,5,5,5
630,1103,87,88,44,5,5,5
1879,1104,87,88,44,5,5,5
3151,1105,89,90,45,1,1,1
1403,1106,89,90,45,1,1,1
3157,1107,89,90,45,1,1,1
918,1108,89,90,45,1,1,1
1784,1109,89,90,45,1,1,1
362,1110,89,90,45,1,1,1
1758,1111,89,90,45,1,1,1
768,1112,89,90,45,1,1,1
706,1113,89,90,45,1,1,1
1308,1114,89,90,45,1,1,1
1168,1115,89,90,45,1,1,1
1923,1116,89,90,45,1,1,1
1906,1117,89,90,45,1,1,1
1390,1118,89,90,45,1,1,1
1504,1119,89,90,45,1,1,1
1945,1120,89,90,45,1,1,1
3155,1121,89,90,45,1,1,1
1012,1122,89,90,45,1,1,1
207,1123,89,90,45,1,1,1
2364,1124,89,90,45,1,1,1
3154,1125,89,90,45,1,1,1
602,1126,89,90,45,1,1,1
1170,1127,89,90,45,1,1,1
2373,1128,89,90,45,1,1,1
1822,1129,89,90,45,1,1,1
51,1130,89,90,45,1,1,1
2607,1131,89,90,45,1,1,1
1907,1132,89,90,45,1,1,1
836,1133,89,90,45,1,1,1
2265,1134,89,90,45,1,1,1
1175,1135,89,90,45,1,1,1
2119,1136,89,90,45,1,1,1
333,1137,89,90,45,1,1,1
1191,1138,89,90,45,1,1,1
2531,1139,91,92,46,5,5,5
2586,1140,91,92,46,5,5,5
1842,1141,91,92,46,5,5,5
2452,1142,91,92,46,5,5,5
1491,1143,91,92,46,5,5,5
1172,1144,91,92,46,5,5,5
1929,1145,91,92,46,5,5,5
980,1146,91,92,46,5,5,5
1019,1147,91,92,46,5,5,5
2533,1148,91,92,46,5,5,5
2325,1149,91,92,46,5,5,5
18,1150,91,92,46,5,5,5
2356,1151,91,92,46,5,5,5
2042,1152,91,92,46,5,5,5
2048,1153,91,92,46,5,5,5
401,1154,91,92,46,5,5,5
2380,1155,91,92,46,5,5,5
775,1156,91,92,46,5,5,5
638,1157,91,92,46,5,5,5
1226,1158,91,92,46,5,5,5
1750,1159,91,92,46,5,5,5
1002,1160,91,92,46,5,5,5
2148,1161,91,92,46,5,5,5
1167,1162,91,92,46,5,5,5
570,1163,93,94,47,1,1,1
186,1164,93,94,47,1,1,1
2591,1165,93,94,47,1,1,1
2578,1166,93,94,47,1,1,1
173,1167,93,94,47,1,1,1
662,1168,93,94,47,1,1,1
1030,1169,93,94,47,1,1,1
475,1170,93,94,47,1,1,1
1675,1171,95,96,48,5,5,5
532,1172,95,96,48,5,5,5
1872,1173,95,96,48,5,5,5
2064,1174,95,96,48,5,5,5
830,1175,95,96,48,5,5,5
2129,1176,95,96,48,5,5,5
1229,1177,95,96,48,5,5,5
1245,1178,95,96,48,5,5,5
1582,1179,95,96,48,5,5,5
1992,1180,95,96,48,5,5,5
2358,1181,95,96,48,5,5,5
1383,1182,95,96,48,5,5,5
390,1183,95,96,48,5,5,5
882,1184,95,96,48,5,5,5
53,1185,95,96,48,5,5,5
470,1186,95,96,48,5,5,5
372,1187,95,96,48,5,5,5
1718,1188,95,96,48,5,5,5
64,1189,95,96,48,5,5,5
1810,1190,95,96,48,5,5,5
14,1191,95,96,48,5,5,5
410,1192,95,96,48,5,5,5
977,1193,95,96,48,5,5,5
915,1194,95,96,48,5,5,5
1221,1195,97,98,49,5,5,5
735,1196,97,98,49,5,5,5
1410,1197,97,98,49,5,5,5
1897,1198,97,98,49,5,5,5
1169,1199,97,98,49,5,5,5
2252,1200,97,98,49,5,5,5
238,1201,97,98,49,5,5,5
598,1202,97,98,49,5,5,5
2070,1203,97,98,49,5,5,5
2231,1204,97,98,49,5,5,5
136,1205,97,98,49,5,5,5
331,1206,97,98,49,5,5,5
956,1207,97,98,49,5,5,5
2213,1208,97,98,49,5,5,5
789,1209,97,98,49,5,5,5
378,1210,97,98,49,5,5,5
837,1211,97,98,49,5,5,5
522,1212,99,100,50,3,3,3
1860,1213,99,100,50,3,3,3
2444,1214,99,100,50,3,3,3
2009,1215,99,100,50,3,3,3
619,1216,99,100,50,3,3,3
861,1217,99,100,50,3,3,3
224,1218,99,100,50,3,3,3
285,1219,99,100,50,3,3,3
2272,1220,99,100,50,3,3,3
2083,1221,99,100,50,3,3,3
2623,1222,99,100,50,3,3,3
260,1223,99,100,50,3,3,3
480,1224,99,100,50,3,3,3
2637,1225,99,100,50,3,3,3
1587,1226,99,100,50,3,3,3
1214,1227,99,100,50,3,3,3
628,1228,99,100,50,3,3,3
762,1229,99,100,50,3,3,3
998,1230,99,100,50,3,3,3
164,1231,99,100,50,3,3,3
1816,1232,99,100,50,3,3,3
2549,1233,99,100,50,3,3,3
1236,1234,99,100,50,3,3,3
1111,1235,101,102,51,1,1,1
2315,1236,101,102,51,1,1,1
794,1237,101,102,51,1,1,1
1722,1238,101,102,51,1,1,1
2154,1239,101,102,51,1,1,1
172,1240,101,102,51,1,1,1
2200,1241,101,102,51,1,1,1
2169,1242,101,102,51,1,1,1
1543,1243,101,102,51,1,1,1
969,1244,101,102,51,1,1,1
1331,1245,101,102,51,1,1,1
991,1246,101,102,51,1,1,1
368,1247,101,102,51,1,1,1
2176,1248,101,102,51,1,1,1
1207,1249,101,102,51,1,1,1
2075,1250,101,102,51,1,1,1
1647,1251,101,102,51,1,1,1
296,1252,101,102,51,1,1,1
1653,1253,101,102,51,1,1,1
2158,1254,101,102,51,1,1,1
2217,1255,101,102,51,1,1,1
1188,1256,101,102,51,1,1,1
994,1257,101,102,51,1,1,1
482,1258,101,102,51,1,1,1
2552,1259,101,102,51,1,1,1
1870,1260,101,102,51,1,1,1
871,1261,101,102,51,1,1,1
15,1262,101,102,51,1,1,1
1080,1263,101,102,51,1,1,1
3116,1264,103,104,52,?,?,?
3119,1265,103,104,52,?,?,?
3099,1266,103,104,52,?,?,?
3101,1267,103,104,52,?,?,?
3110,1268,103,104,52,?,?,?
3109,1269,103,104,52,?,?,?
3126,1270,103,104,52,?,?,?
3125,1271,103,104,52,?,?,?
3130,1272,103,104,52,?,?,?
3147,1273,105,106,53,1,1,1
1966,1274,105,106,53,1,1,1
1844,1275,105,106,53,1,1,1
1658,1276,105,106,53,1,1,1
3149,1277,105,106,53,1,1,1
525,1278,105,106,53,1,1,1
1345,1279,105,106,53,1,1,1
320,1280,105,106,53,1,1,1
659,1281,105,106,53,1,1,1
3144,1282,105,106,53,1,1,1
212,1283,105,106,53,1,1,1
943,1284,105,106,53,1,1,1
1227,1285,105,106,53,1,1,1
1086,1286,105,106,53,1,1,1
823,1287,105,106,53,1,1,1
1729,1288,105,106,53,1,1,1
131,1289,105,106,53,1,1,1
1978,1290,105,106,53,1,1,1
2229,1291,105,106,53,1,1,1
537,1292,105,106,53,1,1,1
1150,1293,105,106,53,1,1,1
1306,1294,105,106,53,1,1,1
1204,1295,105,106,53,1,1,1
1468,1296,105,106,53,1,1,1
1392,1297,105,106,53,1,1,1
1266,1298,105,106,53,1,1,1
653,1299,105,106,53,1,1,1
676,1300,105,106,53,1,1,1
2501,1301,105,106,53,1,1,1
1780,1302,105,106,53,1,1,1
697,1303,105,106,53,1,1,1
385,1304,107,108,54,2,2,2
1454,1305,107,108,54,2,2,2
1904,1306,107,108,54,2,2,2
2058,1307,107,108,54,2,2,2
1212,1308,107,108,54,2,2,2
2606,1309,107,108,54,2,2,2
102,1310,107,108,54,2,2,2
709,1311,107,108,54,2,2,2
1177,1312,107,108,54,2,2,2
1415,1313,107,108,54,2,2,2
884,1314,107,108,54,2,2,2
169,1315,107,108,54,2,2,2
2433,1316,107,108,54,2,2,2
1110,1317,107,108,54,2,2,2
1021,1318,107,108,54,2,2,2
1115,1319,107,108,54,2,2,2
1244,1320,107,108,54,2,2,2
1369,1321,107,108,54,2,2,2
1687,1322,107,108,54,2,2,2
284,1323,107,108,54,2,2,2
1643,1324,107,108,54,2,2,2
2634,1325,107,108,54,2,2,2
1358,1326,107,108,54,2,2,2
1338,1327,107,108,54,2,2,2
1384,1328,107,108,54,2,2,2
1044,1329,107,108,54,2,2,2
2074,1330,107,108,54,2,2,2
441,1331,107,108,54,2,2,2
2095,1332,107,108,54,2,2,2
1565,1333,107,108,54,2,2,2
1912,1334,107,108,54,2,2,2
1530,1335,107,108,54,2,2,2
2820,1336,109,110,55,1,1,1
2827,1337,109,110,55,1,1,1
2789,1338,109,110,55,1,1,1
2795,1339,109,110,55,1,1,1
2785,1340,109,110,55,1,1,1
2803,1341,109,110,55,1,1,1
2793,1342,109,110,55,1,1,1
2808,1343,109,110,55,1,1,1
2823,1344,109,110,55,1,1,1
2807,1345,109,110,55,1,1,1
2815,1346,109,110,55,1,1,1
2814,1347,109,110,55,1,1,1
2805,1348,109,110,55,1,1,1
2784,1349,109,110,55,1,1,1
2821,1350,109,110,55,1,1,1
2819,1351,109,110,55,1,1,1
2812,1352,109,110,55,1,1,1
2797,1353,109,110,55,1,1,1
2810,1354,109,110,55,1,1,1
2787,1355,109,110,55,1,1,1
2780,1356,109,110,55,1,1,1
2817,1357,109,110,55,1,1,1
2794,1358,109,110,55,1,1,1
2781,1359,109,110,55,1,1,1
1360,1360,111,112,56,?,?,?
2589,1361,111,112,56,?,?,?
1847,1362,111,112,56,?,?,?
722,1363,111,112,56,?,?,?
1092,1364,111,112,56,?,?,?
826,1365,111,112,56,?,?,?
2614,1366,111,112,56,?,?,?
912,1367,111,112,56,?,?,?
39,1368,111,112,56,?,?,?
2189,1369,111,112,56,?,?,?
1143,1370,111,112,56,?,?,?
589,1371,111,112,56,?,?,?
2302,1372,111,112,56,?,?,?
2149,1373,111,112,56,?,?,?
2050,1374,111,112,56,?,?,?
572,1375,111,112,56,?,?,?
68,1376,111,112,56,?,?,?
597,1377,111,112,56,?,?,?
2002,1378,111,112,56,?,?,?
2389,1379,111,112,56,?,?,?
963,1380,111,112,56,?,?,?
1385,1381,111,112,56,?,?,?
1724,1382,111,112,56,?,?,?
1209,1383,111,112,56,?,?,?
1554,1384,111,112,56,?,?,?
361,1385,111,112,56,?,?,?
1055,1386,111,112,56,?,?,?
1859,1387,111,112,56,?,?,?
402,1388,111,112,56,?,?,?
979,1389,113,114,57,4,4,4
866,1390,113,114,57,4,4,4
2632,1391,113,114,57,4,4,4
2624,1392,113,114,57,4,4,4
1008,1393,113,114,57,4,4,4
1673,1394,113,114,57,4,4,4
2486,1395,113,114,57,4,4,4
2532,1396,113,114,57,4,4,4
1180,1397,113,114,57,4,4,4
1058,1398,113,114,57,4,4,4
1744,1399,113,114,57,4,4,4
1556,1400,113,114,57,4,4,4
865,1401,113,114,57,4,4,4
692,1402,113,114,57,4,4,4
2595,1403,113,114,57,4,4,4
1506,1404,113,114,57,4,4,4
78,1405,113,114,57,4,4,4
2337,1406,113,114,57,4,4,4
2508,1407,113,114,57,4,4,4
376,1408,113,114,57,4,4,4
106,1409,113,114,57,4,4,4
2473,1410,113,114,57,4,4,4
1663,1411,113,114,57,4,4,4
73,1412,113,114,57,4,4,4
1335,1413,113,114,57,4,4,4
1088,1414,115,116,58,4,4,4
517,1415,115,116,58,4,4,4
217,1416,115,116,58,4,4,4
1101,1417,115,116,58,4,4,4
1291,1418,115,116,58,4,4,4
1179,1419,115,116,58,4,4,4
2483,1420,115,116,58,4,4,4
146,1421,115,116,58,4,4,4
2361,1422,115,116,58,4,4,4
764,1423,115,116,58,4,4,4
738,1424,115,116,58,4,4,4
1712,1425,115,116,58,4,4,4
1563,1426,115,116,58,4,4,4
1595,1427,115,116,58,4,4,4
313,1428,115,116,58,4,4,4
1866,1429,115,116,58,4,4,4
668,1430,115,116,58,4,4,4
1996,1431,115,116,58,4,4,4
462,1432,115,116,58,4,4,4
2553,1433,115,116,58,4,4,4
1090,1434,115,116,58,4,4,4
159,1435,115,116,58,4,4,4
1766,1436,115,116,58,4,4,4
246,1437,115,116,58,4,4,4
1634,1438,117,118,59,2,2,2
1720,1439,117,118,59,2,2,2
116,1440,117,118,59,2,2,2
883,1441,117,118,59,2,2,2
669,1442,117,118,59,2,2,2
2060,1443,117,118,59,2,2,2
279,1444,117,118,59,2,2,2
2504,1445,117,118,59,2,2,2
1043,1446,117,118,59,2,2,2
725,1447,117,118,59,2,2,2
118,1448,117,118,59,2,2,2
69,1449,117,118,59,2,2,2
1857,1450,117,118,59,2,2,2
1463,1451,117,118,59,2,2,2
2107,1452,117,118,59,2,2,2
2487,1453,117,118,59,2,2,2
1820,1454,117,118,59,2,2,2
2515,1455,117,118,59,2,2,2
122,1456,117,118,59,2,2,2
1376,1457,117,118,59,2,2,2
1395,1458,117,118,59,2,2,2
1448,1459,117,118,59,2,2,2